{"cameraMode":{"drawMode":0,"name":"Shaded","section":"Shading Mode"},"sceneLighting":true,"audioPlay":false,"sceneViewState":{"m_AlwaysRefresh":false,"showFog":true,"showSkybox":true,"showFlares":true,"showImageEffects":true,"showParticleSystems":true,"showVisualEffectGraphs":true,"m_FxEnabled":true},"in2DMode":false,"pivot":{"x":-1.5570484399795533,"y":4.034183979034424,"z":4.2432942390441898},"rotation":{"x":0.3581024408340454,"y":-0.5125634670257568,"z":0.24809694290161134,"w":0.7399784922599793},"size":11.969459533691407,"orthographic":false}